{
  "0": {
    "DP_Gap": -0.15384615384615385,
    "EO_Gap": -0.15384615384615385
  },
  "1": {
    "DP_Gap": -0.21794871794871795,
    "EO_Gap": -0.21794871794871795
  },
  "2": {
    "DP_Gap": -0.6410958904109589,
    "EO_Gap": -0.6410958904109589
  },
  "3": {
    "DP_Gap": -0.5268817204301075,
    "EO_Gap": -0.5268817204301075
  },
  "4": {
    "DP_Gap": -0.17567567567567566,
    "EO_Gap": -0.17567567567567566
  },
  "5": {
    "DP_Gap": -0.5217391304347826,
    "EO_Gap": -0.5217391304347826
  },
  "6": {
    "DP_Gap": -0.5145888594164456,
    "EO_Gap": -0.5145888594164456
  },
  "7": {
    "DP_Gap": -0.7163323782234957,
    "EO_Gap": -0.7163323782234957
  },
  "8": {
    "DP_Gap": -0.09273182957393489,
    "EO_Gap": -0.09273182957393489
  },
  "9": {
    "DP_Gap": -0.6511627906976745,
    "EO_Gap": -0.6511627906976745
  },
  "10": {
    "DP_Gap": -0.6009280742459397,
    "EO_Gap": -0.6009280742459397
  },
  "11": {
    "DP_Gap": -0.0024497777737292094,
    "EO_Gap": -0.0024497777737292094
  },
  "12": {
    "DP_Gap": -0.020241284566224427,
    "EO_Gap": -0.020241284566224427
  },
  "13": {
    "DP_Gap": -0.001028386508743817,
    "EO_Gap": -0.001028386508743817
  },
  "14": {
    "DP_Gap": 0.008285565501411019,
    "EO_Gap": 0.008285565501411019
  },
  "15": {
    "DP_Gap": 0.028986069347935177,
    "EO_Gap": 0.028986069347935177
  },
  "16": {
    "DP_Gap": 0.0026717474440622942,
    "EO_Gap": 0.0026717474440622942
  },
  "17": {
    "DP_Gap": -0.024523830020737047,
    "EO_Gap": -0.024523830020737047
  },
  "18": {
    "DP_Gap": -0.0014049902228095573,
    "EO_Gap": -0.0014049902228095573
  },
  "19": {
    "DP_Gap": 0.06296527411844827,
    "EO_Gap": 0.06296527411844827
  },
  "20": {
    "DP_Gap": 0.0002663897226321543,
    "EO_Gap": 0.0002663897226321543
  },
  "21": {
    "DP_Gap": 0.21972259096550434,
    "EO_Gap": 0.21972259096550434
  },
  "22": {
    "DP_Gap": -0.3756756756756757,
    "EO_Gap": -0.3756756756756757
  },
  "23": {
    "DP_Gap": -0.6816976127320955,
    "EO_Gap": -0.6816976127320955
  },
  "24": {
    "DP_Gap": -0.4108910891089109,
    "EO_Gap": -0.4108910891089109
  },
  "25": {
    "DP_Gap": -0.42699115044247793,
    "EO_Gap": -0.42699115044247793
  },
  "26": {
    "DP_Gap": -0.5078947368421053,
    "EO_Gap": -0.5078947368421053
  },
  "27": {
    "DP_Gap": -0.25120772946859904,
    "EO_Gap": -0.25120772946859904
  }
}