Feature,KL Divergence,JS Divergence
Month,2.366304740351689,0.6788232490228534
Amount,0.9196851230478886,0.43767916733884654
Time,0.4728151176321389,0.33728739435967453
Sender_account,0.15516210024258012,0.19641838023069919
Receiver_account,0.06885728678778408,0.13919493835117536
Is_laundering,0.00886919682818758,0.01777571516890722
Year,-7.773086450729131e-17,7.450573751702652e-09
