Feature,JS_Divergence
Time,0.6741927894850885
Month,0.6254979822119404
Amount,
