JS_Mean,Wasserstein_Mean,MMD,Avg_IntraTypology_Cohesion,Silhouette
0.6498453858485145,0.44734355404111,1.4544117261018723,0.018615639849716623,0.8445479180272212
