Feature,Mean_Diff,Var_Diff
Amount,0.1754235665096073,0.029303732963908938
Time,0.4464431719156099,0.0766371102723646
Month,0.7201639236965177,0.05650535776292488
