Feature,Real_Only,Real_CGAN,Delta
Month,0.041817706,3.18161,3.1397924
Is_laundering,3.1184125,0.8284861,-2.2899265
Amount,0.1475533,1.1088334,0.9612801
Sender_account,0.32171994,1.2802914,0.9585715
Receiver_account,0.07940931,0.80655897,0.72714967
Time,0.08467802,0.04418873,-0.040489286
Year,0.0,0.0,0.0
