,DP_Gap,EO_Gap
Time,0.011016100563816574,0.011016100563816574
Sender_account,-0.7115859342789996,-0.7115859342789996
Receiver_account,-0.5918501637325481,-0.5918501637325481
Amount,-0.7242530243687673,-0.7242530243687673
Is_laundering,-0.6007459484668533,-0.6007459484668533
Year,,
Month,-0.7330333374273856,-0.7330333374273856
