Feature,Wasserstein
Month,0.7201639236965175
Time,0.44644317191720523
Amount,0.1754235665096074
