{
  "roc_auc": 0.7544420556952278,
  "pr_auc": 0.0740719562539931,
  "best_f1": 0.1287878787874787,
  "best_threshold": 0.9555382132530212,
  "confusion_matrix": [
    [
      209468,
      56
    ],
    [
      174,
      17
    ]
  ]
}